,0,0.1,0.25,0.5,0.75,0.9,1.0,mean,host,protocol,start_time
0,4.010752,8.251448,13.320288000000001,28.530144,52.654212,70.077312,83.700864,44.44372888888889,mlcnetD.cs.wpi.edu,pcc,"Dec  8, 2020 01:43:17.318020000 EST"
1,3.925232,8.646088,14.139683999999999,32.74668,52.945812000000004,75.454416,96.659568,49.995731,mlcnetB.cs.wpi.edu,bbr,"Dec  8, 2020 06:46:41.451952000 EST"
2,3.050848,7.281608,12.912047999999999,28.833408,60.719868000000005,73.331568,79.221888,49.998647,mlcnetB.cs.wpi.edu,bbr,"Dec  8, 2020 02:21:37.512668000 EST"
3,2.17168,9.374112,12.431648,41.722128,49.140432,57.4265376,61.737552,36.361990545454546,mlcnetC.cs.wpi.edu,hybla,"Dec  7, 2020 17:31:45.911558000 EST"
4,3.417552,4.9443696,12.780828,30.752136,64.875168,78.11964,78.895296,39.999356,mlcnetD.cs.wpi.edu,pcc,"Dec  8, 2020 09:23:05.944035000 EST"
5,2.729376,5.8296672,9.84376,16.389232,50.044392,71.36968320000001,89.369568,39.999356,mlcnetA.cs.wpi.edu,cubic,"Dec  8, 2020 08:30:51.792826000 EST"
6,2.701664,7.611408,13.276812000000001,41.908752,59.247288000000005,64.7130384,64.933488,39.9977512,mlcnetB.cs.wpi.edu,bbr,"Dec  7, 2020 17:22:04.730862000 EST"
7,3.61616,8.672344,14.967748,34.886864,61.26224400000001,77.378976,90.1044,44.44372888888889,mlcnetA.cs.wpi.edu,cubic,"Dec  8, 2020 08:00:40.040348000 EST"
8,2.14416,3.4400736,10.363464,19.525536,62.052479999999996,71.6146272,73.098288,44.44324177777778,mlcnetB.cs.wpi.edu,bbr,"Dec  7, 2020 23:39:13.994920000 EST"
9,5.15536,10.019312,15.180696000000001,30.687984,54.628344,82.925208,108.113616,49.994673,mlcnetB.cs.wpi.edu,bbr,"Dec  8, 2020 06:01:09.299818000 EST"
10,2.683584,7.484396800000001,14.579536000000001,40.90528,53.196588000000006,64.087848,82.662768,36.36305090909091,mlcnetC.cs.wpi.edu,hybla,"Dec  7, 2020 10:29:51.538985000 EST"
11,2.461728,4.3714176,13.841472,36.152984000000004,61.244748,65.242584,67.161312,36.361990545454546,mlcnetD.cs.wpi.edu,pcc,"Dec  8, 2020 11:03:12.723046000 EST"
12,4.128928,4.6761488,11.768156,27.451791999999998,63.011844,86.94812160000001,90.605952,39.9958568,mlcnetD.cs.wpi.edu,pcc,"Dec  7, 2020 16:59:38.986815000 EST"
13,3.044656,6.998576,12.188880000000001,25.503336,52.158492,64.571904,71.302032,49.997189,mlcnetB.cs.wpi.edu,bbr,"Dec  8, 2020 04:52:38.659007000 EST"
14,2.948448,7.317888,13.250304,35.616024,57.098196,75.425256,92.483856,44.44113688888889,mlcnetD.cs.wpi.edu,pcc,"Dec  8, 2020 05:26:30.119574000 EST"
15,2.135664,5.002704,16.072992,26.850528,48.049848,52.149744,56.022192,30.768735384615383,mlcnetC.cs.wpi.edu,hybla,"Dec  7, 2020 15:37:13.888005000 EST"
16,2.916,7.138368,12.582539999999998,26.967168,54.32508000000001,70.06564800000001,80.259984,44.44113688888889,mlcnetA.cs.wpi.edu,cubic,"Dec  8, 2020 02:16:01.576623000 EST"
17,1.95992,10.8053824,12.842064,25.264224,42.04872,49.1217696,50.073552,26.663126933333334,mlcnetA.cs.wpi.edu,cubic,"Dec  7, 2020 19:40:15.988354000 EST"
18,2.985616,8.4791872,15.128088,44.894736,65.9016,79.735104,80.994816,39.999356,mlcnetC.cs.wpi.edu,hybla,"Dec  7, 2020 23:15:17.130303000 EST"
19,2.6244,6.6741408,14.463912,29.806984,56.41002,65.9050992,70.5672,39.999356,mlcnetC.cs.wpi.edu,hybla,"Dec  8, 2020 10:56:13.722857000 EST"
20,5.558352,8.9244,13.973472,19.12896,53.817696,62.075807999999995,67.581216,49.997189,mlcnetB.cs.wpi.edu,bbr,"Dec  8, 2020 02:44:43.675461000 EST"
21,2.706048,9.6391296,14.195088,49.012128,56.16216,60.8161472,68.514592,36.361990545454546,mlcnetD.cs.wpi.edu,pcc,"Dec  7, 2020 20:53:26.488468000 EST"
22,2.09952,5.7106943999999995,10.929616,27.316192,62.37324,77.2903296,81.566352,39.9958568,mlcnetD.cs.wpi.edu,pcc,"Dec  7, 2020 10:36:43.828577000 EST"
23,5.73832,13.6608032,15.92136,47.787408,54.144288,55.567296,56.22048,36.35841090909091,mlcnetB.cs.wpi.edu,bbr,"Dec  7, 2020 22:29:42.225044000 EST"
24,1.831376,6.2751296000000005,11.413096,17.950896,55.9872,81.89994240000001,105.757488,44.44372888888889,mlcnetD.cs.wpi.edu,pcc,"Dec  8, 2020 02:09:25.897788000 EST"
25,3.146992,8.4671488,13.729776000000001,25.29672,70.199784,74.3277504,74.47464,39.9981896,mlcnetD.cs.wpi.edu,pcc,"Dec  8, 2020 01:15:30.291804000 EST"
26,5.36544,12.307852800000001,14.69664,44.96472,52.278048,58.611599999999996,68.456016,36.36305090909091,mlcnetA.cs.wpi.edu,cubic,"Dec  7, 2020 20:23:59.484666000 EST"
27,2.950752,6.969304,12.220848,32.6526,50.093508,73.908632,97.487712,49.994273,mlcnetB.cs.wpi.edu,bbr,"Dec  8, 2020 07:09:31.614635000 EST"
28,2.771648,8.4165936,14.475024,45.355464,60.591564,69.83120160000001,69.855696,39.9989176,mlcnetB.cs.wpi.edu,bbr,"Dec  8, 2020 00:34:18.826053000 EST"
29,2.612864,9.237888,20.721032,39.634272,41.792176,43.541712,51.053328,30.767838153846153,mlcnetC.cs.wpi.edu,hybla,"Dec  7, 2020 16:18:15.708014000 EST"
30,2.620016,6.482264,11.167552,22.086512,49.755708,62.816472,69.470784,49.997189,mlcnetB.cs.wpi.edu,bbr,"Dec  8, 2020 05:38:22.814694000 EST"
31,2.659392,8.8673376,13.1398,30.17416,54.669168,68.36270400000001,80.259984,44.44372888888889,mlcnetC.cs.wpi.edu,hybla,"Dec  8, 2020 02:50:24.492130000 EST"
32,3.487536,8.742704,14.747015999999999,34.110832,58.515104,79.530984,98.117568,49.997189,mlcnetB.cs.wpi.edu,bbr,"Dec  8, 2020 04:29:55.322191000 EST"
33,2.14416,6.4752768000000005,12.003248,24.424448,58.884696,74.69504640000002,94.01184,44.44064977777778,mlcnetB.cs.wpi.edu,bbr,"Dec  8, 2020 01:31:30.985860000 EST"
34,5.432256,10.3400352,14.556671999999999,45.221328,66.327336,83.4582528,84.598992,39.9958568,mlcnetC.cs.wpi.edu,hybla,"Dec  8, 2020 08:14:25.402900000 EST"
35,2.612736,7.6263488000000015,14.148584,40.205504,53.861436,56.7150336,63.230544,39.999356,mlcnetC.cs.wpi.edu,hybla,"Dec  7, 2020 22:01:55.680453000 EST"
36,3.34792,7.851752,13.389911999999999,28.954175999999997,52.353012,69.324984,82.651104,44.439353777777775,mlcnetB.cs.wpi.edu,bbr,"Dec  8, 2020 01:57:07.582536000 EST"
37,2.671296,6.2891808000000005,12.603152,22.580864,60.238728,77.2763328,85.485456,39.9958568,mlcnetD.cs.wpi.edu,pcc,"Dec  7, 2020 11:12:14.551573000 EST"
38,2.321488,7.5385488,13.824755999999999,44.49816,58.21794,69.07770719999999,78.067152,39.9989176,mlcnetB.cs.wpi.edu,bbr,"Dec  8, 2020 01:02:39.928016000 EST"
39,2.706048,8.233248000000001,12.20684,25.659872,63.18972,76.492512,92.238912,44.44113688888889,mlcnetA.cs.wpi.edu,cubic,"Dec  8, 2020 00:27:39.809630000 EST"
40,5.142528,12.3882768,15.481044,37.785528,50.668416,53.75463839999999,69.155856,33.32988066666667,mlcnetA.cs.wpi.edu,cubic,"Dec  7, 2020 13:29:31.110566000 EST"
41,2.787824,7.4530608,13.907976000000001,31.783696,60.661547999999996,72.9909792,84.062448,39.999356,mlcnetC.cs.wpi.edu,hybla,"Dec  7, 2020 12:02:17.529303000 EST"
42,2.322144,6.53184,11.030624000000001,17.723448,53.02147600000001,66.642264,70.438896,44.44243288888889,mlcnetA.cs.wpi.edu,cubic,"Dec  8, 2020 05:10:01.808071000 EST"
43,2.238768,5.129539200000001,12.130783999999998,20.014976,60.611976,77.7732192,84.785616,44.44325422222222,mlcnetB.cs.wpi.edu,bbr,"Dec  7, 2020 10:23:01.915088000 EST"
44,3.429216,7.3366560000000005,12.407580000000001,28.891728,49.583664,69.52327199999999,86.8968,49.997737,mlcnetC.cs.wpi.edu,hybla,"Dec  8, 2020 04:58:07.618583000 EST"
45,9.296528,11.833288,16.962896,41.379088,59.904492,82.550752,104.56776,44.44216977777778,mlcnetB.cs.wpi.edu,bbr,"Dec  8, 2020 07:34:53.066882000 EST"
46,3.92784,7.549516800000001,12.982032,17.414352,49.834944,56.010729600000005,60.12792,49.997737,mlcnetD.cs.wpi.edu,pcc,"Dec  8, 2020 05:03:22.128433000 EST"
47,3.650832,10.8071712,15.817248,42.316992,54.8208,56.99263679999999,60.3612,33.32988066666667,mlcnetC.cs.wpi.edu,hybla,"Dec  7, 2020 19:59:39.500900000 EST"
48,2.099776,6.6311728,11.442616000000001,35.545584,51.00084,60.2492256,68.887584,39.9981896,mlcnetA.cs.wpi.edu,cubic,"Dec  7, 2020 22:20:49.971743000 EST"
49,5.260464,10.58508,16.28586,30.052296000000002,61.47219600000001,68.339376,68.945904,44.441945777777775,mlcnetB.cs.wpi.edu,bbr,"Dec  8, 2020 09:08:51.123119000 EST"
50,2.679344,6.156904,11.170876,30.529704000000002,47.39684,69.511784,90.92088,49.998647,mlcnetB.cs.wpi.edu,bbr,"Dec  8, 2020 06:23:39.642945000 EST"
51,2.449808,5.426192,17.519536,43.483392,54.972432,58.08438720000001,63.300528,36.361990545454546,mlcnetA.cs.wpi.edu,cubic,"Dec  7, 2020 17:12:29.826861000 EST"
52,2.00968,6.683472,11.46894,15.839711999999999,41.146788,57.9422,67.647168,44.44113688888889,mlcnetD.cs.wpi.edu,pcc,"Dec  8, 2020 05:48:51.822081000 EST"
53,2.402784,5.86116,10.727964,20.592792,51.356592,63.66211199999999,67.59288,44.44372888888889,mlcnetD.cs.wpi.edu,pcc,"Dec  8, 2020 00:19:57.657800000 EST"
54,10.660768,11.547816,14.312248,33.784256,57.413123999999996,67.633704,74.59128,44.443817777777774,mlcnetC.cs.wpi.edu,hybla,"Dec  8, 2020 07:41:29.131713000 EST"
55,2.227104,6.538694400000001,12.10152,26.721984,58.804056,72.305136,90.151056,44.44325422222222,mlcnetB.cs.wpi.edu,bbr,"Dec  7, 2020 10:57:31.962122000 EST"
56,3.685824,7.867488,12.987983999999999,25.013327999999998,50.859348,69.966504,83.527936,44.43984088888889,mlcnetA.cs.wpi.edu,cubic,"Dec  8, 2020 02:39:03.505412000 EST"
57,9.132912,11.421388799999999,15.561688,46.026144,64.949072,75.14415360000001,79.66512,39.9958568,mlcnetA.cs.wpi.edu,cubic,"Dec  7, 2020 12:17:24.254467000 EST"
58,6.738656,12.438087999999999,19.487628,39.669264,63.297611999999994,74.293848,82.791072,49.997737,mlcnetC.cs.wpi.edu,hybla,"Dec  8, 2020 06:06:34.366164000 EST"
59,4.219072,14.498352,23.339664,34.840368,39.523464000000004,42.666912,43.705008,28.56904857142857,mlcnetB.cs.wpi.edu,bbr,"Dec  7, 2020 18:57:35.329985000 EST"
60,2.227824,7.714569600000002,11.763144,19.642176,60.034608000000006,80.0570304,97.965936,44.43984088888889,mlcnetA.cs.wpi.edu,cubic,"Dec  8, 2020 00:55:44.942989000 EST"
61,2.356256,5.2371360000000005,10.25256,18.779040000000002,51.05624399999999,63.21888,65.330064,49.999195,mlcnetD.cs.wpi.edu,pcc,"Dec  8, 2020 06:34:32.746629000 EST"
62,2.950992,10.6690736,17.4461,22.60836,26.221824,39.4940304,50.318496,26.666000533333335,mlcnetB.cs.wpi.edu,bbr,"Dec  7, 2020 14:13:18.548218000 EST"
63,2.333296,5.395087999999999,10.153748,24.150064,51.105528,59.859648,62.597184,49.997737,mlcnetB.cs.wpi.edu,bbr,"Dec  8, 2020 03:59:48.906627000 EST"
64,2.717952,6.4094880000000005,11.384004000000001,22.832160000000002,53.342388,63.33552,65.691648,44.44243288888889,mlcnetA.cs.wpi.edu,cubic,"Dec  8, 2020 01:25:24.648983000 EST"
65,2.892912,10.017139200000003,16.901016,47.565792,59.824656000000004,71.70793920000001,79.735104,39.999356,mlcnetD.cs.wpi.edu,pcc,"Dec  7, 2020 15:07:57.069140000 EST"
66,3.522528,8.316432,13.538988,24.657696,51.27574800000001,76.684968,96.499088,44.44243288888889,mlcnetD.cs.wpi.edu,pcc,"Dec  8, 2020 04:10:33.246076000 EST"
67,6.766592,10.77152,15.039348,31.175032,52.164344,69.047888,84.050656,44.44243288888889,mlcnetC.cs.wpi.edu,hybla,"Dec  7, 2020 15:00:39.203348000 EST"
68,7.476384,10.590816,15.002448000000001,37.389696,63.59796,70.34091839999999,74.637936,39.997671200000006,mlcnetB.cs.wpi.edu,bbr,"Dec  7, 2020 13:38:19.247721000 EST"
69,2.65424,6.447616,11.707548000000001,29.445384,47.664936,72.853344,96.414624,49.999913,mlcnetB.cs.wpi.edu,bbr,"Dec  8, 2020 03:07:50.607913000 EST"
70,2.601072,5.0796719999999995,10.086444,19.71216,52.791264,63.796248,64.455264,44.43984088888889,mlcnetD.cs.wpi.edu,pcc,"Dec  8, 2020 00:47:06.600384000 EST"
71,4.090576,5.547369600000001,15.915252,33.775248000000005,39.027276,41.389704,42.643584,28.57013542857143,mlcnetD.cs.wpi.edu,pcc,"Dec  7, 2020 18:29:12.950505000 EST"
72,2.8668,6.0239136,12.719656,37.884544,59.812992,69.06720960000001,82.40616,39.999356,mlcnetD.cs.wpi.edu,pcc,"Dec  7, 2020 22:10:52.103822000 EST"
73,2.99752,12.65544,23.205464,32.729184,40.26996,43.56504,47.740752,28.57013542857143,mlcnetC.cs.wpi.edu,hybla,"Dec  7, 2020 18:19:00.087562000 EST"
74,3.589456,10.507180800000002,13.699368,43.671304,66.627684,68.7806688,68.966656,36.362064727272724,mlcnetD.cs.wpi.edu,pcc,"Dec  7, 2020 12:40:59.166687000 EST"
75,3.044304,10.707743999999998,15.845544,18.965664,29.4516,35.183289599999995,47.776112,22.219920444444444,mlcnetA.cs.wpi.edu,cubic,"Dec  7, 2020 18:45:15.146691000 EST"
76,3.815152,10.125825599999999,15.261575999999998,48.096504,60.591564000000005,67.6581984,68.899248,36.360930181818176,mlcnetC.cs.wpi.edu,hybla,"Dec  7, 2020 20:45:02.131714000 EST"
77,4.4104,9.959286400000002,14.94648,47.624112,60.909408,75.3774336,85.532112,39.9970232,mlcnetA.cs.wpi.edu,cubic,"Dec  8, 2020 10:02:30.441661000 EST"
78,5.388768,11.7224448,16.306272,51.368256,60.9444,63.68544,64.525248,39.999356,mlcnetA.cs.wpi.edu,cubic,"Dec  7, 2020 15:17:09.252666000 EST"
79,6.82344,11.547360000000001,15.227352,49.292064,54.9666,68.01278400000001,83.479248,39.9970232,mlcnetA.cs.wpi.edu,cubic,"Dec  7, 2020 22:57:26.201163000 EST"
80,2.706048,6.718464000000001,11.404476,20.336184,49.213332,63.382176,70.228944,44.44113688888889,mlcnetA.cs.wpi.edu,cubic,"Dec  8, 2020 07:03:49.804810000 EST"
81,2.426112,4.5186336,12.253032000000001,19.18728,62.449056,85.23118080000002,110.061504,44.43984088888889,mlcnetD.cs.wpi.edu,pcc,"Dec  7, 2020 23:51:38.682424000 EST"
82,2.846016,6.1142688000000005,12.21804,22.173264,57.952584,81.01581120000002,108.918432,44.44010755555555,mlcnetD.cs.wpi.edu,pcc,"Dec  8, 2020 07:20:45.562542000 EST"
83,3.160944,8.957952000000002,15.142788000000003,48.487247999999994,62.66484,68.386032,75.244464,39.9970232,mlcnetC.cs.wpi.edu,hybla,"Dec  7, 2020 13:09:44.548388000 EST"
84,2.36792,11.8109888,19.548864,30.641328,33.778944,42.1443648,51.37992,26.665459733333336,mlcnetD.cs.wpi.edu,pcc,"Dec  7, 2020 13:54:13.712843000 EST"
85,2.951008,7.947856000000001,14.288208000000001,33.30072,67.137984,72.8790048,74.929536,39.9981896,mlcnetC.cs.wpi.edu,hybla,"Dec  7, 2020 12:32:54.190128000 EST"
86,2.996976,6.992168,12.427928,28.862631999999998,51.6132,72.964152,90.769248,49.994821,mlcnetA.cs.wpi.edu,cubic,"Dec  8, 2020 05:32:45.465056000 EST"
87,2.62464,6.322007999999999,11.661024,29.049072,51.169968,70.724664,87.060096,44.44113688888889,mlcnetA.cs.wpi.edu,cubic,"Dec  8, 2020 07:28:25.507453000 EST"
88,7.220016,10.958632,15.029368,29.981816000000002,56.780544000000006,83.8002,106.538976,49.999195,mlcnetC.cs.wpi.edu,hybla,"Dec  8, 2020 01:37:31.269307000 EST"
89,7.482912,14.276736,20.76192,26.780544,34.646215999999995,54.12096,55.742816,30.767500923076923,mlcnetB.cs.wpi.edu,bbr,"Dec  7, 2020 16:11:10.374535000 EST"
90,2.141088,10.3762944,16.224624,19.035648,27.083808,30.5736768,37.779696,21.05202484210526,mlcnetB.cs.wpi.edu,bbr,"Dec  7, 2020 18:09:06.825636000 EST"
91,2.286928,6.32772,11.109372,21.420936,47.670768,61.970832,70.21728,44.44372888888889,mlcnetD.cs.wpi.edu,pcc,"Dec  8, 2020 06:11:48.571116000 EST"
92,2.3916,6.191155200000001,11.75124,17.682624,57.935088,68.11776,82.429488,44.43984088888889,mlcnetC.cs.wpi.edu,hybla,"Dec  8, 2020 03:13:07.914174000 EST"
93,4.054016,9.368835200000001,14.667480000000001,49.233728,63.271376,73.14960959999999,76.480848,44.441945777777775,mlcnetB.cs.wpi.edu,bbr,"Dec  7, 2020 21:53:45.475137000 EST"
94,2.50776,6.447859200000001,12.445488000000001,32.974128,67.13215199999999,82.80506880000002,85.38048,44.44243288888889,mlcnetD.cs.wpi.edu,pcc,"Dec  7, 2020 22:44:58.642171000 EST"
95,3.137232,8.799168,14.719847999999999,44.96472,60.425352000000004,74.1527136,80.038368,39.9970232,mlcnetA.cs.wpi.edu,cubic,"Dec  8, 2020 09:31:55.450865000 EST"
96,2.289104,6.50384,11.248868000000002,20.795752,49.04712,61.609248,67.406256,44.44372888888889,mlcnetC.cs.wpi.edu,hybla,"Dec  8, 2020 03:36:23.842294000 EST"
97,2.239488,3.5831808000000005,10.124352,18.534096,58.93236,78.06481920000002,101.278512,44.438544888888885,mlcnetA.cs.wpi.edu,cubic,"Dec  8, 2020 05:55:32.866845000 EST"
98,2.63456,6.519544000000001,11.91198,28.407432,50.178768,60.2154,66.985952,44.44243288888889,mlcnetD.cs.wpi.edu,pcc,"Dec  8, 2020 02:55:39.383363000 EST"
99,2.950592,7.6537568,13.728344,39.19104,63.667944000000006,70.532208,75.885984,39.9970232,mlcnetC.cs.wpi.edu,hybla,"Dec  7, 2020 13:47:00.316555000 EST"
100,2.076192,6.3739584,12.032104,29.625184,57.071951999999996,67.6732032,80.446608,44.44074222222223,mlcnetB.cs.wpi.edu,bbr,"Dec  8, 2020 09:39:24.979978000 EST"
101,2.69,7.445272,12.264696,19.760072,52.192228,66.302752,72.036864,49.994273,mlcnetB.cs.wpi.edu,bbr,"Dec  8, 2020 05:15:58.791945000 EST"
102,2.274848,4.16988,8.747724,17.653464,37.432692,58.145039999999995,72.55008,44.44372888888889,mlcnetD.cs.wpi.edu,pcc,"Dec  8, 2020 03:41:37.762231000 EST"
103,6.63632,12.2213904,16.627032,50.802552000000006,56.500416,58.6139328,60.932736,36.359407272727275,mlcnetB.cs.wpi.edu,bbr,"Dec  7, 2020 19:50:59.136439000 EST"
104,6.237184,10.63604,16.361676,35.336088000000004,52.797096,70.911288,88.203168,44.44113688888889,mlcnetD.cs.wpi.edu,pcc,"Dec  7, 2020 11:40:20.089172000 EST"
105,2.064528,6.32836,11.2713,17.384552,44.766112,60.582816,68.630976,49.997737,mlcnetD.cs.wpi.edu,pcc,"Dec  8, 2020 04:40:30.825652000 EST"
106,6.368416,10.282136,15.732143999999998,36.764424,54.919944,91.229976,126.96264,49.996279,mlcnetC.cs.wpi.edu,hybla,"Dec  8, 2020 05:43:39.181033000 EST"
107,4.548832,10.7844832,15.851376000000002,43.85664,63.312191999999996,71.4676608,82.441152,39.996584799999994,mlcnetB.cs.wpi.edu,bbr,"Dec  8, 2020 10:47:27.207558000 EST"
108,0.567616,0.6429119999999999,1.36112,5.461856,23.498144,44.13851520000001,51.2592,16.665032333333333,mlcnetA.cs.wpi.edu,cubic,"Dec  7, 2020 10:15:08.485981000 EST"
109,2.122848,3.4854976,14.323184,47.904048,59.684688,63.1768896,69.307488,36.361990545454546,mlcnetA.cs.wpi.edu,cubic,"Dec  7, 2020 14:05:15.993805000 EST"
110,2.6012,5.5520640000000006,10.564572000000002,18.767376,42.454044,62.75232,75.827664,44.44372888888889,mlcnetD.cs.wpi.edu,pcc,"Dec  8, 2020 03:18:20.525604000 EST"
111,3.500576,6.905088,11.817516,23.654592,48.533904,68.187744,81.986256,44.44243288888889,mlcnetC.cs.wpi.edu,hybla,"Dec  8, 2020 02:27:01.525084000 EST"
112,11.209104,11.593896,13.906224000000002,33.784656,61.317768,83.49103199999999,101.1852,44.441945777777775,mlcnetB.cs.wpi.edu,bbr,"Dec  7, 2020 16:42:51.035118000 EST"
113,2.811264,6.56112,11.75142,24.949176,54.820800000000006,68.26356,74.70792,44.43984088888889,mlcnetA.cs.wpi.edu,cubic,"Dec  8, 2020 06:40:59.627255000 EST"
114,9.226224,12.3825024,19.490544,56.115504,66.391488,74.2973472,79.875072,44.44325422222222,mlcnetB.cs.wpi.edu,bbr,"Dec  7, 2020 11:55:31.081915000 EST"
115,2.846192,8.2418528,14.550448,42.760224,71.896896,79.1262432,84.91392,39.999356,mlcnetC.cs.wpi.edu,hybla,"Dec  7, 2020 21:29:09.129678000 EST"
116,2.09952,3.6251712000000005,12.218039999999998,20.00376,63.18972,69.8067072,78.218784,44.44243288888889,mlcnetD.cs.wpi.edu,pcc,"Dec  8, 2020 08:50:49.805459000 EST"
117,2.599392,9.446145600000001,20.070424,42.731064,52.660044000000006,56.267135999999994,57.526848,33.330852666666665,mlcnetD.cs.wpi.edu,pcc,"Dec  7, 2020 20:10:43.323116000 EST"
118,2.706048,4.9863599999999995,8.599776,14.702352000000001,33.701567999999995,52.320144,65.306736,44.44203822222222,mlcnetB.cs.wpi.edu,bbr,"Dec  8, 2020 03:30:52.806317000 EST"
119,3.312816,8.470416,14.714016,44.778096,57.287735999999995,66.1022208,71.09208,39.999356,mlcnetD.cs.wpi.edu,pcc,"Dec  7, 2020 14:33:12.139581000 EST"
120,2.866864,6.629496,11.754024,21.69504,58.77198,74.07806400000001,78.976944,49.997737,mlcnetC.cs.wpi.edu,hybla,"Dec  8, 2020 05:21:18.443313000 EST"
121,4.863648,11.099366400000003,16.27128,46.819296,66.379824,83.3976,88.261488,44.43984088888889,mlcnetD.cs.wpi.edu,pcc,"Dec  8, 2020 10:26:20.099309000 EST"
122,6.543264,11.424768,16.662024,34.303824,61.8921,70.36308,75.162816,44.438544888888885,mlcnetA.cs.wpi.edu,cubic,"Dec  7, 2020 11:20:27.054066000 EST"
123,3.39472,7.999072000000001,13.594144,28.320192,68.076936,75.1369344,76.130928,44.44113688888889,mlcnetA.cs.wpi.edu,cubic,"Dec  8, 2020 10:38:39.563360000 EST"
124,2.904944,9.003624,11.669376,43.600032,62.317836,73.7934624,82.87272,39.9981896,mlcnetC.cs.wpi.edu,hybla,"Dec  7, 2020 16:51:55.667330000 EST"
125,4.887216,11.8366272,17.006112,44.451504,63.907056,67.8704832,70.403904,39.999356,mlcnetC.cs.wpi.edu,hybla,"Dec  8, 2020 00:40:50.110500000 EST"
126,2.694384,10.570108800000002,13.9968,46.259424,53.036208,53.257824,53.491104,33.327936666666666,mlcnetD.cs.wpi.edu,pcc,"Dec  7, 2020 15:46:29.431474000 EST"
127,6.858304,11.6427984,16.002948,34.362144,49.802364,55.129895999999995,56.150496,36.35986981818182,mlcnetD.cs.wpi.edu,pcc,"Dec  8, 2020 07:48:30.106151000 EST"
128,2.694384,4.310528,9.293972,19.678528,43.254228000000005,64.70412,78.389664,49.996279,mlcnetA.cs.wpi.edu,cubic,"Dec  8, 2020 03:54:09.813303000 EST"
129,2.787696,8.589369600000001,12.970272000000001,27.550368,66.898872,79.2032256,88.693056,39.9979528,mlcnetB.cs.wpi.edu,bbr,"Dec  7, 2020 23:05:42.547869000 EST"
130,3.068,9.5334464,16.376864,42.200352,46.819296,49.8216096,49.933584,33.33182466666667,mlcnetC.cs.wpi.edu,hybla,"Dec  7, 2020 19:08:25.566317000 EST"
131,5.992096,10.531496,15.099552,28.611288000000002,51.931044,68.508504,81.787968,44.44243288888889,mlcnetC.cs.wpi.edu,hybla,"Dec  8, 2020 08:44:10.341846000 EST"
132,3.779136,8.044216,13.244387999999999,31.800008,49.678948,72.20016000000001,94.01184,49.997737,mlcnetA.cs.wpi.edu,cubic,"Dec  8, 2020 04:24:10.554242000 EST"
133,2.787696,7.266672000000001,13.139496000000001,49.198752,64.702136,80.638688,81.679136,39.9981896,mlcnetC.cs.wpi.edu,hybla,"Dec  7, 2020 22:37:39.562946000 EST"
134,6.973648,10.186768,15.71724,47.76408,65.26008,76.34088,77.04072,39.9981896,mlcnetC.cs.wpi.edu,hybla,"Dec  7, 2020 11:05:21.010216000 EST"
135,2.77712,5.2322528,11.925896,22.289904,54.814968,66.33783360000001,76.037616,44.43984088888889,mlcnetC.cs.wpi.edu,hybla,"Dec  8, 2020 02:03:04.728282000 EST"
136,3.32424,7.505968,12.69654,28.220864000000002,47.377864,66.461472,83.325344,49.999195,mlcnetA.cs.wpi.edu,cubic,"Dec  8, 2020 06:17:58.754313000 EST"
137,5.645376,11.608012800000001,16.959456,47.134224,60.9444,62.7943104,63.417168,44.44372888888889,mlcnetC.cs.wpi.edu,hybla,"Dec  8, 2020 00:13:17.699827000 EST"
138,8.467824,11.9717856,17.227728,22.593168,66.729744,68.2483968,69.260832,49.999195,mlcnetA.cs.wpi.edu,cubic,"Dec  8, 2020 03:25:08.096787000 EST"
139,3.44064,8.969520000000001,15.134039999999999,47.519136,58.798224000000005,77.0453856,90.1044,39.9981896,mlcnetD.cs.wpi.edu,pcc,"Dec  8, 2020 09:52:43.092331000 EST"
140,2.259856,10.3664512,17.921668,42.853536,44.865576,57.0241296,59.743008,33.33243133333333,mlcnetB.cs.wpi.edu,bbr,"Dec  7, 2020 20:35:52.825229000 EST"
141,3.277824,8.508888,13.83624,23.817888,52.003944000000004,75.127824,92.08728,44.44372888888889,mlcnetD.cs.wpi.edu,pcc,"Dec  8, 2020 02:32:18.240587000 EST"
142,6.788208,10.666608,14.88618,32.898312,57.900096000000005,83.89331999999999,107.215488,44.44113688888889,mlcnetD.cs.wpi.edu,pcc,"Dec  8, 2020 06:57:18.105849000 EST"
143,6.041952,11.408979200000001,19.45952,19.677168,63.300528,66.3144576,68.323744,49.998647,mlcnetB.cs.wpi.edu,bbr,"Dec  8, 2020 08:07:46.430914000 EST"
144,5.943248,11.279878400000001,15.454799999999999,44.194896,64.000368,77.518944,91.060848,44.44324177777778,mlcnetB.cs.wpi.edu,bbr,"Dec  8, 2020 08:37:48.330446000 EST"
145,9.226224,11.83896,17.271468,40.089168,59.372676,67.18464,73.354896,44.44243288888889,mlcnetB.cs.wpi.edu,bbr,"Dec  7, 2020 11:27:15.014303000 EST"
146,3.021216,7.9231632,17.417268,34.1172,48.277296,53.4631104,63.498816,33.33279666666667,mlcnetD.cs.wpi.edu,pcc,"Dec  8, 2020 08:21:58.440493000 EST"
147,7.219648,11.866806400000002,16.189632,48.627216,68.660136,74.1923712,78.475392,39.9977624,mlcnetB.cs.wpi.edu,bbr,"Dec  7, 2020 13:00:59.208477000 EST"
148,1.831376,3.9959072000000004,14.416704,49.151888,53.3628,53.7103872,54.167616,36.360930181818176,mlcnetD.cs.wpi.edu,pcc,"Dec  7, 2020 21:36:19.902149000 EST"
149,2.683728,8.3518272,13.86204,34.677072,70.765488,78.91162560000001,89.87112,44.43984088888889,mlcnetA.cs.wpi.edu,cubic,"Dec  7, 2020 10:50:37.411036000 EST"
150,2.876624,7.9990224,14.472108,38.876112,51.823152,56.407104000000004,65.55168,36.36053163636363,mlcnetB.cs.wpi.edu,bbr,"Dec  7, 2020 15:27:55.581782000 EST"
151,11.010816,11.407392,13.900572,37.231488,56.503332,80.213328,103.179744,44.441945777777775,mlcnetB.cs.wpi.edu,bbr,"Dec  8, 2020 00:06:09.172973000 EST"
152,4.29248,6.42912,14.020128,39.83256,55.847232,63.207024000000004,66.099888,36.36305090909091,mlcnetD.cs.wpi.edu,pcc,"Dec  7, 2020 16:25:37.970663000 EST"
153,5.48208,9.9540576,13.985136,43.938288,55.835568,71.52364800000001,86.500224,44.44113688888889,mlcnetA.cs.wpi.edu,cubic,"Dec  7, 2020 16:34:59.366787000 EST"
154,4.303184,8.816863999999999,13.978659999999998,32.671568,50.662524,78.212952,105.349248,49.996279,mlcnetA.cs.wpi.edu,cubic,"Dec  8, 2020 04:46:59.493989000 EST"
155,2.6244,5.1190416,17.934452,42.830208,50.123124,52.6081392,58.308336,33.32890866666667,mlcnetC.cs.wpi.edu,hybla,"Dec  7, 2020 14:22:55.735892000 EST"
156,1.809552,6.6640704,11.371584,21.485088,59.060664,74.92953600000001,94.07016,44.44113688888889,mlcnetC.cs.wpi.edu,hybla,"Dec  8, 2020 06:29:00.920542000 EST"
157,2.650096,8.80304,13.506884,41.30768,63.137232,64.5824016,67.382928,39.9958568,mlcnetC.cs.wpi.edu,hybla,"Dec  8, 2020 09:16:08.602632000 EST"
158,8e-06,1.2318656000000001,3.3476879999999998,4.677024,60.022943999999995,106.48532159999999,115.975152,44.44243288888889,mlcnetA.cs.wpi.edu,cubic,"Dec  7, 2020 23:59:54.987187000 EST"
159,3.195936,7.31884,12.78634,29.241968,53.044956,72.101016,87.36336,49.996279,mlcnetA.cs.wpi.edu,cubic,"Dec  8, 2020 03:02:09.568578000 EST"
160,2.671136,8.1820848,14.664552,44.918064,62.985600000000005,67.0201776,69.330816,39.9981896,mlcnetA.cs.wpi.edu,cubic,"Dec  7, 2020 23:31:43.482382000 EST"
161,2.694512,8.766121600000002,15.427859999999999,17.02944,18.303732,19.199795199999997,19.957104,14.814576296296297,mlcnetD.cs.wpi.edu,pcc,"Dec  7, 2020 19:19:36.429662000 EST"
162,2.773616,6.52536,11.652771999999999,19.90964,50.852123999999996,69.756552,79.72344,44.44372888888889,mlcnetC.cs.wpi.edu,hybla,"Dec  8, 2020 04:05:11.459641000 EST"
163,2.787696,6.734428800000001,12.655504,38.86432,59.533056,73.7374752,86.278608,44.44243288888889,mlcnetA.cs.wpi.edu,cubic,"Dec  7, 2020 11:48:45.721688000 EST"
164,4.117392,10.5655456,14.673312,43.705008,50.178528,55.02142080000001,67.30128,36.360930181818176,mlcnetA.cs.wpi.edu,cubic,"Dec  8, 2020 09:00:46.311376000 EST"
165,4.968864,10.375128,16.207372,31.551608,61.574256000000005,83.42676,99.96048,44.44243288888889,mlcnetA.cs.wpi.edu,cubic,"Dec  8, 2020 01:50:42.099891000 EST"
166,2.250432,7.117156800000001,13.428180000000001,39.213927999999996,56.133,65.18892960000001,65.540016,39.998928799999995,mlcnetB.cs.wpi.edu,bbr,"Dec  7, 2020 12:25:06.933477000 EST"
167,5.164112,9.393832,13.664375999999999,30.390552,50.790888,76.259232,100.462032,49.994821,mlcnetC.cs.wpi.edu,hybla,"Dec  8, 2020 04:35:17.430165000 EST"
168,5.59824,13.0367088,16.94196,44.1774,55.689768,61.0540416,65.691648,36.359471272727276,mlcnetB.cs.wpi.edu,bbr,"Dec  8, 2020 10:10:02.156589000 EST"
169,2.91624,9.382473599999999,13.798511999999999,18.382464,25.589864,27.06048,34.4088,18.180465090909088,mlcnetA.cs.wpi.edu,cubic,"Dec  7, 2020 17:56:29.654331000 EST"
170,4.769952,10.8029472,15.419808,50.085216,59.066496,65.59600320000001,67.849488,39.9970232,mlcnetC.cs.wpi.edu,hybla,"Dec  8, 2020 10:18:07.229553000 EST"
171,3.716432,8.226032,12.551048,32.27312,65.20176,79.2848736,93.113712,44.441945777777775,mlcnetB.cs.wpi.edu,bbr,"Dec  7, 2020 14:53:30.651543000 EST"
172,6.7068,13.752150400000001,17.14536,39.505968,47.892384,52.4110176,59.101488,33.331459333333335,mlcnetB.cs.wpi.edu,bbr,"Dec  7, 2020 21:20:01.104245000 EST"
173,2.379584,3.8770111999999997,10.846903999999999,19.771456,63.300528,75.29112,76.550832,44.43984088888889,mlcnetC.cs.wpi.edu,hybla,"Dec  8, 2020 01:09:30.778620000 EST"
174,3.99008,4.343872,13.448592,48.592224,63.067248,65.7429696,68.46768,36.36305090909091,mlcnetD.cs.wpi.edu,pcc,"Dec  7, 2020 23:22:35.984200000 EST"
175,2.694864,6.8419104,15.189324,39.529296,62.381988,63.930384000000004,64.50192,39.9970232,mlcnetC.cs.wpi.edu,hybla,"Dec  7, 2020 11:33:50.591581000 EST"
176,2.076192,5.3094528,11.594016,16.586208,56.459592,79.37839680000002,107.588736,44.44243288888889,mlcnetC.cs.wpi.edu,hybla,"Dec  7, 2020 23:45:50.905650000 EST"
177,2.321136,8.9744736,13.18032,41.745216,51.228288,53.901155200000005,56.101232,36.35986981818182,mlcnetA.cs.wpi.edu,cubic,"Dec  7, 2020 21:08:54.909043000 EST"
178,4.525632,9.010376,13.999652000000001,31.621167999999997,49.303728,71.663616,93.498624,49.996279,mlcnetC.cs.wpi.edu,hybla,"Dec  8, 2020 06:52:01.463166000 EST"
179,2.784992,7.469671999999999,12.757607999999998,22.067808,57.404376,73.057464,79.43184,44.44243288888889,mlcnetC.cs.wpi.edu,hybla,"Dec  8, 2020 07:15:01.391344000 EST"
180,2.717712,7.4776224,13.699487999999999,42.363648,60.655716,64.47859199999999,64.805184,39.9981896,mlcnetA.cs.wpi.edu,cubic,"Dec  7, 2020 14:44:34.716831000 EST"
181,3.276352,9.648956799999999,18.277488,41.319720000000004,46.10196,51.603868799999994,61.072704,33.33182466666667,mlcnetD.cs.wpi.edu,pcc,"Dec  7, 2020 17:41:44.365144000 EST"
182,2.44968,4.2443376,16.50456,36.07092,51.69484800000001,60.460344,61.772544,33.33182466666667,mlcnetA.cs.wpi.edu,cubic,"Dec  7, 2020 16:02:44.868460000 EST"
183,2.68272,6.986409600000002,12.01392,29.194992,62.384904000000006,65.598336,70.147296,39.9958568,mlcnetA.cs.wpi.edu,cubic,"Dec  7, 2020 21:45:39.724789000 EST"
184,4.207328,9.835779200000001,14.894928,46.084464,74.107224,98.40916800000001,107.926992,44.44243288888889,mlcnetC.cs.wpi.edu,hybla,"Dec  8, 2020 09:45:58.369069000 EST"
185,3.534192,9.8202256,16.758868,47.8224,60.046272,65.24958240000001,76.247568,36.361990545454546,mlcnetD.cs.wpi.edu,pcc,"Dec  7, 2020 13:17:21.216766000 EST"
186,3.137856,8.036592,13.868375999999998,35.680176,61.17768,66.111552,66.25152,39.999356,mlcnetA.cs.wpi.edu,cubic,"Dec  7, 2020 12:52:24.637069000 EST"
187,5.05976,10.456976000000001,14.107607999999999,45.582912,65.948256,82.51430720000002,95.273648,44.44113688888889,mlcnetD.cs.wpi.edu,pcc,"Dec  7, 2020 12:08:55.286678000 EST"
